Metric,SOH,SOP
RMSE,0.4537095696600509,0.34246253229974083
MAE,0.4537095696600509,0.34246253229974083
MAPE,1687.520859663983,275.18896857458765
